{
  "c_initial": -1.0,
  "c_max": 0.163033062405,
  "c_final": -5.01781721371e-11,
  "rise_time": 0.057999999999999996,
  "peak_time": 0.726,
  "perc_overshoot": 16.303306246335886,
  "settling_time": 1.615,
  "system_spring": 24.537701560528056,
  "system_damping": 4.953560371517027,
  "system_mass": 1.0
}