{
  "c_initial": -0.5,
  "c_peak": 0.4205475926372628,
  "c_final": -0.0015084050716999992,
  "c_second_peak": 0.29751334849207783,
  "c_valley": -0.35372027869507117,
  "t_peak": 0.629,
  "t_second_peak": 1.8880000000000001,
  "t_valley": 1.2590000000000001,
  "peak_period": 1.2600000000000002,
  "perc_overshoot": 83.45145562088324,
  "system_mass": 2.0,
  "system_spring": 49.8983676178555,
  "system_damping": 1.1486037650921823
}