{
  "c_initial": -1.0,
  "c_max": 0.8543145696016319,
  "c_final": 0.0031913175396934466,
  "rise_time": 0.010000000000000009,
  "peak_time": 0.3,
  "perc_overshoot": 84.841568819525,
  "settling_time": 7.26,
  "system_spring": 111.17620784457173,
  "system_damping": 1.1019283746556474,
  "system_mass": 1
}