{
  "c_initial": -1.0,
  "c_max": 0.9514440040649088,
  "c_final": -0.0007008509411792756,
  "rise_time": 0.02999999999999997,
  "peak_time": 0.9500000000000001,
  "perc_overshoot": 95.28126346378414,
  "settling_time": 74.89,
  "system_spring": 12.053563839227099,
  "system_damping": 0.10682334089998666,
  "system_mass": 10
}