{
  "c_initial": -0.5,
  "c_max": 0.4205451859363654,
  "c_final": -0.0014483243283434151,
  "rise_time": 0.020000000000000018,
  "peak_time": 0.63,
  "perc_overshoot": 84.64388565060835,
  "settling_time": 14.55,
  "system_spring": 26.912477750057217,
  "system_damping": 0.549828178694158,
  "system_mass": 2
}